,ID,hostRa,hostDec,offby,hectoZ,redshift_dif,KronRad (kpc)_3,separation (kpc)_3,area (kpc^2)_3,sep/sqrt(area) (kpc)_3,x_3,y_3,KronMag_3,Abs. Mag_3,Angle_3,Ellipticity_3,RA_3,DEC_3,Discrepency (arcsecs)_3,pixelRank_3,chanceCoincidence_3,host_found_3,KronRad (kpc)_4,separation (kpc)_4,area (kpc^2)_4,sep/sqrt(area) (kpc)_4,x_4,y_4,KronMag_4,Abs. Mag_4,Angle_4,Ellipticity_4,RA_4,DEC_4,Discrepency (arcsecs)_4,pixelRank_4,chanceCoincidence_4,host_found_4,KronRad (kpc)_5,separation (kpc)_5,area (kpc^2)_5,sep/sqrt(area) (kpc)_5,x_5,y_5,KronMag_5,Abs. Mag_5,Angle_5,Ellipticity_5,RA_5,DEC_5,Discrepency (arcsecs)_5,pixelRank_5,chanceCoincidence_5,host_found_5,KronRad (kpc)_6,separation (kpc)_6,area (kpc^2)_6,sep/sqrt(area) (kpc)_6,x_6,y_6,KronMag_6,Abs. Mag_6,Angle_6,Ellipticity_6,RA_6,DEC_6,Discrepency (arcsecs)_6,pixelRank_6,chanceCoincidence_6,host_found_6
0,137,multiple,multiple,,multiple,-1,0.858123036149,0.582984621893,297.239087384,0.0338145910419,0.3139449296222381,-1.0098705584593688,16.239253571388545,-22.4142479698,1.0724347829818726,0.12524520111082826,161.15922722357604,57.8110518560327,57.8110518560327,0.9959100204498977,0.0003709061870963426,1,0.787124701259,0.567685298217,411.51505554,0.0279843215731,0.47469298696731244,-0.9138646872212917,15.312577284886197,-23.3409242563,1.0519936084747314,0.12382262395339105,161.15920613055889,57.81105839743449,57.81105839743449,0.9977843426883308,0.00016028831687542322,1,0.750347437958,0.572773663373,524.27139646,0.0250152563974,0.515096665445796,-0.9023614611037232,15.730251970393606,-22.9232495708,0.9970139265060425,0.11629161125443777,161.1592008473524,57.81105916477798,57.81105916477798,0.9982608695652174,0.0002095267605302098,1,0.780978082288,0.570528607799,429.142731479,0.0275407996183,0.5162506016902029,-0.8970060234330504,15.329733601013553,-23.3237679402,1.1083910465240479,0.11289055666728143,161.15920068910677,57.811059535745585,57.811059535745585,0.9978753541076487,0.00014956891518524973,1
