number,bal_score,diag,KronRad (kpc),separation (kpc),area (kpc^2),sep/area (kpc),x,y,KronMag,Abs. Mag,Angle,Ellipticity,RA,Host RA,DEC,Host Dec,Discrepency (arcsecs),Z,SDSS Photoz,pixelRank,chance coincidence
1,0.24,3,x,x,x,,,,,x,,x,,,,,,x,,x,x,0.01518557423956807,0.03447825646092265,0.03483467973930909,0.01734074050080944,0.03540352013713914,0.03720865648844933,0.02257801862582947,0.035574494070787464,0.02814205738883597,0.015939163586497863,0.028564518770977675,0.028757105205793526,0.09423065417933617,0.0229432142785544,0.04333015179439169,0.009548936630526897,0.03179817554194704,0.040237870757673835,0.06857886091221081,0.0458331729734602,0.023218290264925775,0.02546715841191673,0.029393156903951657,0.014317770509246716,0.031023145928632055,0.011749425426230723,0.026858742301549065,0.024795086097309217,0.0529169617216116,0.023042616654148515,0.03113276641541184,0.015577057082045362
2,0.32,4,,,,,,,,,,,,,,,,x,,x,,0.18618813957735628,0.15572819902797125,0.12061379394557228,0.12033891260068372,0.09192163983557404,0.08444123052257489,0.09747543643058147,0.14329264805968606
